[黑特] 哭P這個人其實很討厭吧= =,Sun Jan  7 13:07:49 2024,作者AlHorford15 (黑眼睛黑頭髮黃皮膚)看板HatePolitics標題[黑特] 哭P這個人其實很討厭吧= =時間Sun Jan  7 13:07:49 2024
如題
哭P早年蹭民進黨
他第一屆能選上台北市長絕對是靠民進黨自己放棄台北市
然後瘋狂助選哭P上的


然後本次總統候選人
前面一直在蹭國民黨
蹭蹭蹭   最後還自己撕毀協議
跑出來哭哭

然後又蹭郭台銘

又蹭韓國瑜


重點是哭P到處蹭
事後又把他蹭過的人罵了個遍（除了郭董）
最近又在罵韓國瑜

這麼噁心的人
左蹭右蹭
再翻臉不認人的行為

無恥到極點

而且我一直以為網軍是綠畜蟑蛆行為
但我發現哭P似乎也有.......



所以
哭P 這個人
非常非常噁心  無恥吧 ？？


--
果然賈布跟著便道：「只不過三位武功太高，倘若行到中途，忽然改變主意，不願去黑
木崖了，我們可無法交差，吃罪不起，因此斗膽向三位借三隻右手。」

令狐沖暗自尋思：「我已經有盈盈了，這右手在與不在，卻也差別不大。生死事大，這
右手便予了他，卻又何妨？」卻見沖虛、方證兩人臉色倏然大變，方證更是破口大罵：
「魔教妖人，當真欺人太甚，老衲和你拼了！」

--
※ 發信站: 批踢踢實業坊(ptt.cc), 來自: 118.166.77.177 (臺灣)
※ 文章網址: https://www.ptt.cc/bbs/HatePolitics/M.1704604075.A.033.html
噓 zeuswell: 跟民進黨學的    27.53.97.39 01/07 13:08
推 slayptter: 民進黨貪污   180.217.6.82 01/07 13:08
推 klispo: 好喔 投柯快樂   1.200.12.172 01/07 13:08
→ slayptter: 正常台灣人都會討厭   180.217.6.82 01/07 13:08
→ ziya: 好了啦 還在反串 59.126.199.180 01/07 13:08
→ pinacolada: 包牌 114.38.130.158 01/07 13:09
→ NTUST: 民進黨都沒柯這麼無恥 學得到什麼223.136.194.177 01/07 13:09
而且哭P很愛翻臉不認人
簡單講就沒信用
這麼沒信用的人  你各位敢選他當總統喔= = ？？

→ liuyc888: 國民黨愛啊    1.34.121.78 01/07 13:09
※ 編輯: AlHorford15 (118.166.77.177 臺灣), 01/07/2024 13:10:46
→ twpost: 連黨名都是蹭來的   1.171.158.55 01/07 13:09
推 ilw4e: 就邪教教主啊  106.64.96.243 01/07 13:10
→ liuyc888: 草包黨挺無恥柯    1.34.121.78 01/07 13:10
推 DustToDust: 4   61.224.74.45 01/07 13:10
推 ccococo: 對啊 好可惡 幸好他不會贏180.217.246.136 01/07 13:10
推 hisayoshi: 他自己也說過哪邊有票就講哪裡覺得好  101.12.112.93 01/07 13:12
→ hisayoshi: 聽的話啊  101.12.112.93 01/07 13:12
→ GAtely: 務實或是投機，who knows  27.242.96.197 01/07 13:18
推 ramun: 民進黨覺得沒勝算放棄 講成 民進黨犧牲超大101.137.100.124 01/07 13:56
推 myfreeday: 黨名 黨的顏色 全部都在蹭啊  42.77.224.175 01/07 14:21

Fw: [轉錄] 每個夜晚的到來對於基輔軍民都是萬分難熬,Wed Mar  2 02:11:21 2022,作者askingts (地獄山貓)看板politics標題Fw: [轉錄] 每個夜晚的到來對於基輔軍民都是萬分難熬時間Wed Mar  2 02:11:21 2022
※ [本文轉錄自 HatePolitics 看板 #1Y7bObzQ ]

作者: askingts (地獄山貓) 看板: HatePolitics
標題: [討論] 每個夜晚的到來對於基輔軍民都是萬分難熬
時間: Wed Mar  2 01:21:39 2022

https://i.imgur.com/rVdhznJ.jpg

最近這幾天

每天夜晚的到來對於烏克蘭基輔市的守城軍民都是萬分難熬

俄烏雙方即將在烏克蘭首都基輔附近 展開劇烈的攻守惡鬥

由於俄羅斯不想自己的攻勢被衛星照到 所以一直都選擇在夜晚猛烈攻城

在白俄羅斯境內增援的俄羅斯軍隊車輛 已經塞滿道路漫延40幾公里

隨時都能集結南下 包圍基輔對城內軍民展開激烈攻擊


俄羅斯的聖帝普丁連集束炸彈、空爆彈(空爆燃燒彈)

空爆彈的釋放能量相當於一枚小型戰術核武

這類大規模無差別殺傷武器都敢放了

聖帝敢公然犯下戰爭罪、反人類罪暴行 可見戰爭已經進入殺紅了眼的階段

烏克蘭第二大城哈爾科夫 這幾天受到激烈火箭砲擊

一堆幼童、平民被炸成殘肢片肉



在基輔這邊 俄羅斯這波增援而來的部隊數量實在太多 兵鋒實在太銳

每天晚上都可能是 增援的大量俄方軍隊發起圍城 把基輔圍成像鐵桶似的

讓烏克蘭守軍跟眾多民兵最終只能躲在城內打巷戰

基輔在最近幾天晚上 很有可能會因此陷落



現在每天早上看到網路新聞基輔還沒被攻陷 我都會覺得鬆了一口氣

但這種日子不會持續太久

「長夜漫漫、大戰將至」

願烏克蘭首都基輔的守城軍民
以及烏克蘭境內所有抵抗侵略的部隊跟民兵 都能挺過最近這幾天的難關
對於烏克蘭、對於基輔市 最近這幾天勢必即將是夜夜激戰、場場硬戰、大量死傷


God bless Ukraine. 天佑烏克蘭

My prayers for Ukraine
我雖然不是基督徒 但這次真的深切祈禱烏克蘭能挺住
如同美國總統拜登之前教我們的一樣 「只能祈禱」

https://i.imgur.com/gZ55mlY.jpg

--
※ 發信站: 批踢踢實業坊(ptt.cc), 來自: 126.88.203.94
※ 文章網址: https://www.ptt.cc/bbs/HatePolitics/M.1646155301.A.F5A.html
※ 編輯: askingts (126.88.203.94), 03/02/2022 01:22:44
→ Amygo: 空爆彈美國對阿富汗早用過了 哪來那麼多罪 03/02 01:29
→ abyssa1: Kharkiv好像更慘 03/02 01:31
推 g9122xj: 發生在眼前的罪惡視而不見，拼命說別的地方也有罪，吃Ｘ 03/02 01:32
推 shadow0326: 最慘的就波灣戰爭的阿米里亞事件啊 03/02 01:36
推 fragmentwing: 放亞核武器真的瘋了 被炸到的通通都新納粹 先炸人再 03/02 01:38
→ fragmentwing: 冠罪 03/02 01:38
推 Jasonchen415: 第三羅馬帝國會再次偉大 03/02 01:48


※ 發信站: 批踢踢實業坊(ptt.cc)
※ 轉錄者: askingts (126.88.203.94), 03/02/2022 02:11:21
※ 編輯: askingts (126.88.203.94 日本), 03/02/2022 02:12:33

[討論] 哭p說討厭世襲,Sun Jan  7 13:18:48 2024,作者k0122k (厚嫩)看板HatePolitics標題[討論] 哭p說討厭世襲時間Sun Jan  7 13:18:48 2024

哭p有一個論點就是說

討厭財富世襲，權力世襲

那靠著哥哥的名號跑去選立委

算不算另類世襲啊？

--
Sent from nPTT on my iPhone 12 mini

--
※ 發信站: 批踢踢實業坊(ptt.cc), 來自: 24.4.155.131 (美國)
※ 文章網址: https://www.ptt.cc/bbs/HatePolitics/M.1704604730.A.D0C.html
推 mynumber55: 啊他兒子就世襲三千萬房子了啊   42.77.196.84 01/07 13:19
→ wawaking1: 不算，那是我哥哥剛好要選總統  1.168.251.196 01/07 13:19
→ wawaking1: 師父的兒子未來世襲的財產不止這樣  1.168.251.196 01/07 13:20
→ coyoteY: 笑死,拉一堆政二代樁腳,自己任用親人  114.43.19.154 01/07 13:20
→ tyf99: 投胎當柯兒子就能繼承大安區豪宅啊 122.121.184.93 01/07 13:20
→ lesnaree2: 那還找小公主當副手  101.12.88.217 01/07 13:20
→ wawaking1: 哭粉：小公主不能選擇自己的出身，你  1.168.251.196 01/07 13:22
→ wawaking1: 以為他喜歡當豪門公主嗎？  1.168.251.196 01/07 13:22
→ meredith001: 那柯的房子幹嘛給他兒子114.137.214.107 01/07 13:23
推 ckai1983: 柯粉：「哪個人的房子不是留給小孩？」   42.76.188.51 01/07 13:29
→ wawaking1: 哭粉：師父的房子不給兒子，難道要給  1.168.251.196 01/07 13:31
→ wawaking1: 哭粉嗎？  1.168.251.196 01/07 13:31
→ SRNOB: 那也要選的 學小英直接交棒指定接班人 122.121.86.209 01/07 13:40

Re: [討論] 為什麼要強調年輕人跟老人？,Sun Jan  7 13:12:55 2024,作者icrose (人本，良心)看板HatePolitics標題Re: [討論] 為什麼要強調年輕人跟老人？時間Sun Jan  7 13:12:55 2024
爲了自己第一届坐得穩當，挑動世代對立的是蔡英文

不過她只是針對軍公教的國民黨統治時期既得利益集團


利用完年輕人，就把年輕人扔一邊


1.台灣雙十一采購狂歡節，消費最多的是45-55年齡段

2.台灣前端富翁平均年齡吊打大陸，與日俱增

3.大陸產業突破21世紀，尤其是這兩年暴增，獨角獸公司能占世界一年的1/3
  台灣產業沒有突破，GDP20年增加了150%，只有老人世代吃的到，實質全社會
  薪資才增加10%左右，科技圈拿走自己的份額以後，傳產年輕人吃到的還很可能是負的

4.柯文哲這些中產家庭，侯友誼妻子家族，20-30年前隨手就能搶到地
  民進黨的新竹議員，嫁給幾百塊土地的大家族，這告訴台灣年輕人，除了婚姻
  已無地產上年輕人的上升空間


總之，台灣30年前就板結的利益分配結構根本沒人認真討論面對，只是用來當作政治相駡本

就是台灣最嚴重的問題，也是柯文哲崛起的最本質原因

政客們都是擠牙膏，沒人敢當作核心議題討論，民進黨執政者只會污染轉移這個議題

還好有我人本、良心，又實在的一個人，一次次迎難而上，幫台灣人整理思路和邏輯

※ 引述《peacemetta (一期一會)》之銘言：
: 我不討厭柯，甚至也有在考慮投柯（因為不管到底會不會有新氣象，但的確會想嘗試非藍
: 非綠的新氣象）
: 但我比較不欣賞的是，為什麼有些粉絲要一直強調自己這群的支持者都是年輕人為主，對
: 方都是高齡長者
: 年輕人、中年人、高齡長者，不都是台灣人，都是中華民國國民嗎？
: 年輕人有一天也會變老，也會是你的下一代口中的老人
: 有一天隨著歲月流逝，我們也會失去可以大聲吶喊，站起來大聲揮舞旗子，跳活力四射的
: 舞的體力
: 年輕人並沒有比較特別，老人也並沒有比較差，現實點講，他們都是一人一票，感性來講
: ，老人也曾經是如同你我一樣的年輕人
: 真的很不喜歡強調哪邊是年輕人，哪邊是老人居多，帶有隱含的優越感的這種說法
: 但我還是有考慮柯，只是希望少部分支持者不要塑造有一點點年齡劃分的感覺

--
英國醫學網站：台灣丁丁長度，世界86國（地區）排第85，和東南亞一個水平，比東北亞短2cm

--
※ 發信站: 批踢踢實業坊(ptt.cc), 來自: 171.14.62.30 (中國)
※ 文章網址: https://www.ptt.cc/bbs/HatePolitics/M.1704604379.A.68D.html
※ 編輯: icrose (171.14.62.30 中國), 01/07/2024 13:15:06
推 kokoie: 之前最會酸國民黨台下沒年輕人的不就民進  27.52.133.250 01/07 13:14
→ kokoie: 黨嗎，笑死  27.52.133.250 01/07 13:14
→ kokoie: 現在民進黨台下沒看到幾個年輕人的支持者  27.52.133.250 01/07 13:15
→ kokoie: 還不能讓人講喔XD  27.52.133.250 01/07 13:15
推 wawaking1: 月入不到三千的支那土鱉裝什麼b啦，有  1.168.251.196 01/07 13:15
→ wawaking1: 時間裝b分析台灣不如想辦法自己自己的  1.168.251.196 01/07 13:15
→ wawaking1: 月收入啦  1.168.251.196 01/07 13:15
噓 locer: 干你支那人屁事？沒投票權去旁邊打手槍啦！   42.72.59.101 01/07 13:16
噓 pinacolada: 去美國當乞丐都比活當蠢支有前途 114.38.130.158 01/07 13:17
噓 lordray1: 關小粉紅屁事？    1.200.182.6 01/07 13:19
→ star12614: 連跨年放鞭炮的權利都沒有了 還是可以   27.53.224.19 01/07 13:21
→ star12614: 韭菜國好棒棒 哈哈哈~ 為什麼不行？   27.53.224.19 01/07 13:21
→ star12614: 習近平要求的嗎？ 呵呵   27.53.224.19 01/07 13:21
※ 編輯: icrose (171.14.62.30 中國), 01/07/2024 13:59:55
噓 leoheart1686: 中國人吵什麼，去跟習大大叫吧   122.26.16.14 01/07 14:27

[討論] 柯文哲整天嘴年輕人低薪 高房價用意是？,Sun Jan  7 13:21:54 2024,作者PrettyOdd ()看板HatePolitics標題[討論] 柯文哲整天嘴年輕人低薪 高房價用意是？時間Sun Jan  7 13:21:54 2024

我們來看看柯文哲家族的財富世襲史

柯的父親 柯承發
靠著土地投資賺大錢
http://i.imgur.com/Wdlax22.jpg
維基百科本來好像也有簡介
似乎被修改掉了
http://i.imgur.com/tf64zt6.jpg

再借柯文哲1000萬買房
http://i.imgur.com/bAu7xQX.jpg

然後現住的大安尚御市值6000萬以上
http://i.imgur.com/ueavjcE.jpg
因為房價高漲
增貸2000萬
http://i.imgur.com/MMPUGRp.jpg

柯文哲和妹妹柯美蘭 名下都有農地
http://i.imgur.com/4WmEd0p.jpg
http://i.imgur.com/zteWiON.jpg

同時都拿父親柯承發 來救援
蓋佛堂 開心農場都拿來當理由
http://i.imgur.com/maSenWd.jpg
http://i.imgur.com/J5QbIvV.jpg

不禁讓人聯想 百度百科
柯承發靠土地投資致富的簡介
買農地懂得都懂
就是買來等變更 發大財的
一囤幾十年都很正常
前女友的阿公南部土地囤了50年以上
一坪200去年賣一坪1萬


然後提早 合法用買賣的名義轉移舊房給曾經失業的兒子
http://i.imgur.com/UmbH4DI.jpg
http://i.imgur.com/ql37z2d.jpg
舊房市值差不多3000萬
這也是很正常的台北市舊公寓的市值
朋友家的公寓也在大安區本來市值2000-3000
被都更直接變成8000萬
柯文哲小家庭在台北市的房市值就差不多1億



那我就很好奇了
柯文哲整天嘴年輕人低薪 高房價
然後事實就是自己的兒子也沒考上台大醫
跟你一樣高薪年薪300 400就算了
還失業
可是沒關係
爸爸提早把自己整天靠北的高房價
過戶給你
直接屌打大多數人一輩子不吃不喝的收入




那我就很好奇了
柯文哲整天批評政府
讓年輕人低薪高房價是為何？
自己整個家族就是最大的地價房價高漲的最大既得利益者欸

--
※ 發信站: 批踢踢實業坊(ptt.cc), 來自: 1.171.71.71 (臺灣)
※ 文章網址: https://www.ptt.cc/bbs/HatePolitics/M.1704604916.A.826.html
推 autoexecbat: 白能你不能 114.24.206.127 01/07 13:22
推 beanjaze: 家裡3個都醫生，資產只有這樣，真的不  49.216.46.229 01/07 13:22
→ beanjaze: 及格  49.216.46.229 01/07 13:22
噓 nightsnowfox: 好惹啦 1450 223.136.128.66 01/07 13:23
推 ckai1983: 柯粉：「有錢人挺年輕人挺居住正義，更   42.76.188.51 01/07 13:23
→ ckai1983: 難得！   42.76.188.51 01/07 13:23
推 Leeheaven: 照你邏輯 蔡英文八年前也不該罵馬政府111.246.161.137 01/07 13:23
推 camp0102: 白能你不能 柯皇能 柯糞不能 49.216.106.130 01/07 13:23
→ jen1121: 白粉請支援輸贏 180.217.26.144 01/07 13:23
→ tyf99: 當賊的才能喊捉賊，你懂不懂啊 122.121.184.93 01/07 13:23
→ abyssa1: 低薪高房價 但是爸媽會給房柯兒就是寫照  36.225.89.217 01/07 13:24
推 mynumber55: 失業還可以去日本唸書，有爸媽真好   42.77.196.84 01/07 13:24
→ poponana: 急了急了  106.104.41.69 01/07 13:24
推 chuchichan: 這垃圾本來就是做賊的喊抓賊  27.147.33.238 01/07 13:24
推 z87739: 柯糞要哭哭了   49.159.5.175 01/07 13:24
推 pinacolada: 土地蟑螂 放著良田不種 114.38.130.158 01/07 13:25
→ HCYPMGO: 500筆的那個可以順便嗎? 122.116.221.78 01/07 13:25
→ HCYPMGO: 娼益阿 列出來看看 122.116.221.78 01/07 13:26
→ ken85: 以前年代的醫生 他這樣真的太少拉= =    1.200.4.227 01/07 13:26
→ wawaking1: 哭衛兵加油，哭家王朝就靠你們都墊腳  1.168.251.196 01/07 13:26
→ wawaking1: 石來建立  1.168.251.196 01/07 13:26
推 tfct: 兒子到底怎麼用壓歲錢買大安區公寓的啊  1.162.129.113 01/07 13:27
→ Spinner3: 這畜生的話要反著聽 一開口就在說謊   101.9.190.39 01/07 13:27
→ ken85: 以前補習班還有老師說 北車一條街都他的= =    1.200.4.227 01/07 13:27
→ tfct: 我比較想知道兒子跟老爸買大安區公寓這個節  1.162.129.113 01/07 13:28
→ tfct: 稅是怎麼規劃的  1.162.129.113 01/07 13:28
逐年贈與現金給兒子
再讓兒子用合法低於市價買賣的方式
完全合法的過戶給兒子
推 modulate: 畜生哭屁滿嘴都是謊言啊！   1.160.43.176 01/07 13:29
→ ken85: 不削當醫生 是為了傳教 為了台灣才當老師    1.200.4.227 01/07 13:29
→ tfct: 每年領150萬壓歲錢 領到20歲嗎？  1.162.129.113 01/07 13:29
噓 gogobar: 台灣年輕人真的可悲，被大陸年輕人屌虐220.133.218.212 01/07 13:30
※ 編輯: PrettyOdd (1.171.71.71 臺灣), 01/07/2024 13:31:05
推 oopsskimo: 柯北市府任內都說不打房了  114.40.129.36 01/07 13:34
→ oopsskimo: https://youtu.be/Y9cELbFL3RE  114.40.129.36 01/07 13:35
→ vicklin: 階級鬥爭論啊，毛信仰的最愛   1.171.216.23 01/07 13:37
推 Chen73: 韓總用過了 結果    1.170.44.39 01/07 13:38
→ chiangdapang: 目的就只有一個就是奪權  39.12.128.180 01/07 13:40
推 SPDY: 煽動 柯不打房 為財富世襲用了各種手段118.166.217.157 01/07 13:48
→ SPDY: 不然咳文嘖那些大安區的房怎給兒子118.166.217.157 01/07 13:48
→ SPDY: 被蓋水泥的特農地 誰出錢怎買的說詞一團亂118.166.217.157 01/07 13:48
推 paunch: 柯粉要的是別人家跌自己家漲，口喊居住正   42.77.27.109 01/07 13:49
→ paunch: 義只是為了鬥爭   42.77.27.109 01/07 13:49
→ ramun: 喔 所以現在年輕人薪水高 房價低嗎？101.137.100.124 01/07 13:51
→ ramun: 要不要先拿2015的蔡英文影片回味101.137.100.124 01/07 13:52
→ ramun: 綠能白不能101.137.100.124 01/07 13:52
→ cloudlight: 他說一流的唸醫學院，不入流的唸藝術    42.79.95.89 01/07 13:54
→ bbn826330410: 小粉綠趕快出門跑賴皮場子啦 每天被 111.252.86.128 01/07 14:01
→ bbn826330410: 笑爛 111.252.86.128 01/07 14:01
噓 chichen: 一直說柯是醫生這樣太少 那賴就不是醫生   42.77.88.102 01/07 14:03
→ chichen: 嗎怎麼沒辦法賺跟柯一樣   42.77.88.102 01/07 14:03
噓 ttshiba: 好的 以後規定低收入戶才能參選總統  清 61.231.211.117 01/07 14:06
→ ttshiba: 寒證明才能喊居住正義 61.231.211.117 01/07 14:06
→ ttshiba: 迴力標馬上來 61.231.211.117 01/07 14:07
推 reason: 喊居住正義是工作，房地產致富是生活220.134.198.170 01/07 14:08
噓 paulgao: 人家薪水polr99買房都要借錢了，還不用餵    1.34.57.101 01/07 14:17
→ paulgao: 台灣下一代擔心嗎    1.34.57.101 01/07 14:17
推 axlu: 就韓導那套 又老又窮 2.0  36.238.45.178 01/07 14:19
推 fisher6879: 通吃R，金權全都要，恐怖鵝   42.76.56.139 01/07 14:23
噓 RLH: 照你的邏輯 蔡英文不是更精彩    1.171.221.3 01/07 14:34
→ clonecd: 典型南部人思維 笑死 窮到頭殼壞掉220.136.100.162 01/07 14:43
推 ray811209: 你的邏輯 沒人可以投了啊==  223.140.166.6 01/07 14:51
推 shownlin: 照你邏輯 其他候選人有出來選的資格？111.248.164.116 01/07 15:08
噓 aaronleo: 蔡英文： 你是不是偷罵我  101.10.93.138 01/07 15:09
推 s81048112: 這樣才能壓榨韭菜   27.247.32.12 01/07 16:22
推 t12345664: 有錢人願意改革才好，柯支持者不是仇富  180.217.37.46 01/07 17:03
→ t12345664: ，是仇不公  180.217.37.46 01/07 17:03
噓 Yelich: 豬鼻躺著也中槍  61.216.84.139 01/07 17:35
→ gn02546574: 比家族，他真的很弱…   42.79.126.53 01/07 19:46
→ gn02546574: 窮有窮的做法，例如三級貧戶扁   42.79.126.53 01/07 19:47
推 japan428: 就年輕人不念書（柯p調)看動物農莊結到    1.200.12.74 01/07 19:57
→ japan428: 這什麼戲碼了    1.200.12.74 01/07 19:57
→ bkcat2: 說實在全家都醫生 20年這樣 很正常吧 還 118.161.89.151 01/08 08:40
→ bkcat2: 是說加入民進黨國民黨20年 有一堆土地房 118.161.89.151 01/08 08:40
→ bkcat2: 子 比較正常嗎 118.161.89.151 01/08 08:40

[討論] 時代力量能堅持這麼久有點感人,Sun Jan  7 13:09:55 2024,作者k29571159 (水果XD)看板HatePolitics標題[討論] 時代力量能堅持這麼久有點感人時間Sun Jan  7 13:09:55 2024

如題，昨天的時力遊行

其實比想像中多人

小的我也有去到現場，跟著走完

聽到了他們堅持的理念以及過去做的事情
https://youtu.be/QzXLbw6HtKc

還有王婉諭委員對於弱勢的關懷
https://youtube.com/shorts/7HYtSqKjrYc

加上中間聽到了對於各項議題的堅持

還有完全不收建商的政治獻金

更是令我印象深刻

總感覺時力如果就這樣關門

真的會很可惜QQ
https://youtube.com/shorts/izFQ8whNWKs

大家覺得呢？

-----
Sent from JPTT on my Samsung SM-J415GN.

--
自稱~~~五子棋神手

--
※ 發信站: 批踢踢實業坊(ptt.cc), 來自: 114.25.27.179 (臺灣)
※ 文章網址: https://www.ptt.cc/bbs/HatePolitics/M.1704604200.A.7CE.html
噓 zeuswell: 不可惜，拜託他們趕快去死    27.53.97.39 01/07 13:10
噓 LBJ2ndKing: 先跟幼教老師道歉    101.10.6.19 01/07 13:11
→ minemei: 政治立場不同就咒人去死，這白仔扮演很223.141.105.202 01/07 13:11
→ minemei: 到位223.141.105.202 01/07 13:11
→ Leeheaven: 堅持監督在野黨=沒救111.246.161.137 01/07 13:12
→ wilson3435: 命  218.35.143.24 01/07 13:12
推 h129875230: 搞得很好 別在搞了223.137.175.141 01/07 13:12
→ DustToDust: 綠糞要集中選票了   61.224.74.45 01/07 13:12
推 lesnaree2: 跟基進合併做時代基進就好了  光譜太  101.12.88.217 01/07 13:12
→ lesnaree2: 接近了  101.12.88.217 01/07 13:12
→ DustToDust: 賴皮告急了 那還有票給十粒   61.224.74.45 01/07 13:13
噓 kkjjrtlym: 好惹啦 網補起來了沒  27.247.71.209 01/07 13:14
→ LeeSeDol: 政治上還要有影響力才能有效監督。時力 180.217.154.78 01/07 13:15
→ LeeSeDol: 的影響力四年來不擴張反而萎縮，這樣如 180.217.154.78 01/07 13:15
→ LeeSeDol: 何幫助社會？自己都泡沫成這樣，如何說 180.217.154.78 01/07 13:15
→ LeeSeDol: 服選民你們投這個黨能幫助別人？時力能 180.217.154.78 01/07 13:15
→ LeeSeDol: 解決問題的話，自己黨內的問題怎麼一直 180.217.154.78 01/07 13:15
→ LeeSeDol: 解決不了？ 180.217.154.78 01/07 13:15
噓 sleepyeye: 不收錢是從徐索賄之後開始算嗎wwwww   39.12.129.45 01/07 13:18
→ Rocksolid: 一點都不可惜，時代綠量  101.12.48.212 01/07 13:20
噓 ubcs: 沒收NN8當立委  116.59.48.246 01/07 13:21
推 darkholy: 時力送終晚會 223.139.169.70 01/07 13:33
推 benian: 背刺自己支持者不道歉就想了事喔？   1.171.37.197 01/07 13:40
噓 syearth: 好了啦 燈泡破了 118.163.12.122 01/07 14:00
推 zaqzaqzaq: 加油 時力一票   59.126.46.95 01/07 14:42
推 jixiang: @LeeSeDol 確實如此  116.89.140.82 01/07 15:02
推 karta018: 不想關燈，去求王義川啊 220.133.43.232 01/07 15:18

[閒聊] 台灣人可能會變成isis,Sat Nov  5 22:40:06 2022,作者tmen520 (廢文王)看板politics標題[閒聊] 台灣人可能會變成isis時間Sat Nov  5 22:40:06 2022

對岸整天想武統怎都沒想過要是真的用武力解決
會有一大群台灣人在紫禁城放炸彈
就像isis一樣，剝奪我的自由你也別想過好日子甚至讓你們生不如死

--
※ 發信站: 批踢踢實業坊(ptt.cc), 來自: 42.79.58.14 (臺灣)
※ 文章網址: https://www.ptt.cc/bbs/politics/M.1667659210.A.7F4.html
推 ys35078657: 沒用的啊，看看現在的巴勒斯坦人對抗  123.195.20.28 08/28 10:08
→ ys35078657: 以色列，炸彈客也抵抗不了一個擁有先  123.195.20.28 08/28 10:08
→ ys35078657: 進軍事裝備的國家  123.195.20.28 08/28 10:08
→ ys35078657: 人家猶太人建國就是有列強在背後撐腰  123.195.20.28 08/28 10:09
→ ys35078657: 啊  123.195.20.28 08/28 10:09
→ sherry881223: 因為台灣人大多貪生怕死    39.10.65.63 11/30 02:38

[心得] 不斷政黨輪替不好嗎？,Sat Aug 20 15:06:25 2022,作者kjzxc (Tennis)看板politics標題[心得] 不斷政黨輪替不好嗎？時間Sat Aug 20 15:06:25 2022
小弟覺得

墮落亂搞的政黨就讓他們下台輪替，
他們不斷輪替的過程中，上台的自然會去追殺墮落下台的，你管他們是不是政爭，
總之犯法貪污腐敗抄論文黑道治國都是事實，他們不斷輪替不斷追殺對方的過程中自然就幫
人民掃除了垃圾，有何不可？
對國家社會發展不是更好嗎？為什麼大家一定要被哪個政黨綁架？


可能人民要有深刻體悟，不存在所謂理想完美的政黨，因為絕對的權力絕對的腐敗，所謂民
主就是要讓政黨和媒體多元化 然後執政黨一旦腐化權力中毒就是讓他們滾下台，不管他是
不是你當初滿腔熱血支持的政黨，不要為了不想被打臉以前的支持行為就賠上國家未來，想
想自己的下一代，也許這樣的體悟才叫做人民的覺醒吧？包含當初廣大群眾支持的墮落政黨
被人民踢下台，這些都是社會進步需要的民主過程，而不是當初你支持他們就放任他們為所
欲為，因為腦羞還死忠支持…






--
※ 發信站: 批踢踢實業坊(ptt.cc), 來自: 36.226.158.202 (臺灣)
※ 文章網址: https://www.ptt.cc/bbs/politics/M.1660979187.A.264.html
推 yuwenche: 很贊同你的想法.但現實世界當權者有國家 111.241.52.240 08/21 19:03
→ yuwenche: 機器,行政資源和權力等,很容易讓老百看 111.241.52.240 08/21 19:06
→ yuwenche: 不清楚真實的狀況.真實的的世界是很複雜 111.241.52.240 08/21 19:10
→ yuwenche: 的,就像電影"Don't Look Up"描寫的場景, 111.241.52.240 08/21 19:12
→ yuwenche: 就算世界末日來臨了,每個人還是有各自的 111.241.52.240 08/21 19:14
→ yuwenche: 想法. 111.241.52.240 08/21 19:17
→ satricky: 支持者只想自己的政黨一直做，這是私心203.218.225.195 08/28 21:40
推 zxc132004: 政黨輪替是好啊，但至少是要有兩個夠力   42.76.60.220 09/11 17:07
→ zxc132004: 的本土政黨輪替啊，現在就是沒有養出第   42.76.60.220 09/11 17:07
→ zxc132004: 二個咩   42.76.60.220 09/11 17:07
推 lowsan: 可以換黨執政，但不能換舔共黨執政 223.137.157.83 09/12 12:17
→ jobchung: 政黨輪替是民主常態 但支持者都不這麼想  36.227.244.15 09/16 08:48
推 guteres: 你會發現政策一直變來變去，然後改到亂七 112.104.52.164 10/10 23:57
→ guteres: 八糟 112.104.52.164 10/10 23:57
推 Asuero: 支持政黨輪替 但中國黨我沒辦法 我不想任 125.231.102.81 12/16 19:27
→ Asuero: 何一任換完下次就指派行政特區長官了 125.231.102.81 12/16 19:27
推 Asuero: 台灣選民天生就已經很有特有的平衡感了， 125.231.102.81 12/16 19:30
→ Asuero: 常常執政和民代投相反邊，民進黨也是近兩 125.231.102.81 12/16 19:30
→ Asuero: 屆才第一次國會過半的，之前2004-2008朝小 125.231.102.81 12/16 19:30
→ Asuero: 野大，形同空轉。但國民黨支持主力年齡太 125.231.102.81 12/16 19:30
→ Asuero: 老了，再過十年二十年看剩下多少票 125.231.102.81 12/16 19:30
推 a5567812: 政黨輪替也是應該的吧，當權者當然都想 173.82.196.241 08/25 16:13
→ a5567812: 一直當權 173.82.196.241 08/25 16:13

[新聞] 棄中保賴？綠營小雞高掛信賴台灣 王郁揚,Thu Oct  6 14:53:49 2022,作者tobetwob (WHO FCTC 菸草減害專家)看板politics標題[新聞] 棄中保賴？綠營小雞高掛信賴台灣 王郁揚時間Thu Oct  6 14:53:49 2022

棄中保賴？綠營小雞高掛「信賴台灣」王郁揚：新潮流與傑太日煙關係匪淺
https://reurl.cc/RXMLo6
台灣威卜 VAPE TAIWAN


https://i.imgur.com/WCvRrJM.jpg
金色力量王郁揚發現民進黨議員候選人紛紛掛起與副總統賴清德的競選看板，
「棄中保賴」的味道濃郁。/圖：台灣威卜VAPE TAIWAN 合成。


11月26日九合一選舉進入白熱化的同時，台北市士林北投區驚見民進黨小雞高掛與副總統
賴清德合照看板主打「 信賴台灣 」，金色力量士林北投議員候選人王郁揚表示，英系陳
時中台北市長民調持續落後，民進黨小雞為求自保分打出「棄中保賴」，而我要提醒大家
留意「民進黨新潮流與傑太日煙的關係匪淺」，2022、2024下架新潮流！

陳時中民調落後 「抗中保台」神主牌將登場救援？

TVBS日前公布最新民調，國民黨台北市長參選人蔣萬安的支持度增加4個百分點，來到40%
，第二名為無黨籍的黃珊珊，支持度為23%，民進黨籍的陳時中則下滑到第三位，支持度為
22%。民進黨前立委郭正直言，綠營現在思考的是市議員不要選太差，已經不太去想陳時中
是否會當選，「如果選到第三，市議員會很慘」，因此又拿出「抗中保台」想要鞏固基本
盤。

柯文哲曾嗆：新潮流不倒 台灣不會好
ETTODAY 報導，大巨蛋案爭議延燒時，民進黨議員簡舒培提出民眾爆料的會議錄音檔，引
來備詢台上的柯文哲怒斥，這是抹黑的手法，錄音90分鐘剪7段，為什麼不全部放？仍不認
為是會議而是私下討論，痛批議員抹黑、含沙射影，「新潮流不倒台灣不會好！」

https://youtu.be/mPPQZv4TJuo
最新》批簡舒培錄音檔抹黑 柯P怒：新潮流不倒 台灣不會好。影：東森新聞 CH51。


金色力量黨主席王郁揚：2022、2024下架新潮流！

金色力量黨主席同時也是全台唯一取得世界衛生組織授證的菸草減害(Tobacco Harm
Reduction ,THR)專家 王郁揚表示，我曾於2018年投書媒體「再次」揭露民進黨新潮流與
傑太日煙(JTI, Japan Tobacco International)的「關係匪淺」，除了蔡英文總統專機走
私菸案(傑太菸品走私最多)、更有副總統賴清德同意設立的台南JTI菸廠、監察院長陳菊也
曾因為菸捐訪菸傑太菸廠一事登上媒體版面，甚至就連前國健署署長邱婌媞2018年6月14日
也曾在臉書提到：「民間組織已經老到沒新意了，新政府又是長期與菸商共舞的。必然的
(該留言已被刪除)。」

我國現在菸害防制法修法搞得亂七八糟，跟民進黨高層八成脫不了關係，如此危青少年以
及國人健康的綠共政府，2022、2024下架民進黨，下架新潮流！

https://youtu.be/E3icTkA3Jco
【十點不一樣】柯文哲、韓國瑜、深綠都喊打　「討厭新潮流」能奏效？。影：TVBS。


延伸閱讀：

柯文哲、韓國瑜、深綠都喊打　「討厭新潮流」能奏效？
https://news.tvbs.com.tw/politics/1257593

維基百科 「信賴台灣」
https://zh.m.wikipedia.org/wiki/%E4%BF%A1%E8%B3%B4%E5%8F%B0%E7%81%A3

選戰幕後／英系體認賴清德戰2024「大勢所趨」　最大挑戰是這一點
https://rwnews.tw/article.php?news=4507

陳時中民調第3！他驚吐「基本盤跑票」：民進黨要放大絕了
https://news.tvbs.com.tw/politics/1926098

「民進黨乾脆改名新潮流黨」　柯Ｐ痛批：像政治流寇集團
https://www.appledaily.com.tw/life/20200107/O6IEEPRPYE2GSG7ZBGAF77TBAU/

快訊／大巨蛋案怒斥簡舒培竊聽　柯P怒：新潮流不倒台灣不會好
https://www.ettoday.net/news/20190531/1457017.htm

【投書】傑太日菸與民進黨新潮流
https://cnews.com.tw/111181008a02/

--
https://i.imgur.com/621ia33.jpg https://i.imgur.com/PPmqCOI.jpg
https://i.imgur.com/0YO0JoW.jpg
WHO FCTC 菸草減害倡議專家 王郁揚Danny(Yu-Yang) Wang

台灣禁菸聯盟 ABC#TAIWAN、無煙台灣基金會FSFT、台灣菸草減害協會TTHRA。
台灣威卜 菸草減害網路媒體 VAPE Taiwan https://vapetaiwan-media.com/

--
※ 發信站: 批踢踢實業坊(ptt.cc), 來自: 1.200.12.82 (臺灣)
※ 文章網址: https://www.ptt.cc/bbs/politics/M.1665039235.A.605.html

Re: [轉錄] 俄國聖帝普丁侵略烏克蘭有三策,他選中策,Wed Mar 15 01:51:14 2023,作者burdette (讓勇士再度偉大)看板politics標題Re: [轉錄] 俄國聖帝普丁侵略烏克蘭有三策,他選中策時間Wed Mar 15 01:51:14 2023
一年過去了 現在看起來 這三種都不是上策
最上的策略就是 保留224之前的土地
然後讓烏克蘭東部兩小州繼續獨立就好

在224之前 歐美各國對俄國斯的動作根本沒甚麼意見
頂多只是不痛不癢的經濟制裁而已
但是224之後 美國開始支援烏克蘭武器
然後俄羅斯在侵入烏克蘭的過程中不斷遭遇失敗
原本對基輔的軍事侵略完全失敗 後來只好退出
然後烏男也被烏克蘭收回了一部分

如果不是中國背後撐著 俄羅斯可能已經先倒了
普定現在也許會後悔當時的軍事動作吧
否則烏東兩小塊佔領地 加上克里米亞的居民
至少看起來都是接受俄國統治的
當時俄軍進入這些地方 也沒受到太激烈的抵抗
算得上是輕鬆入侵

不過這可能就是人的劣根性 攻下幾塊地之後 就以為自己可以繼續擴大入侵
要等到真正失敗後  會知道自己的策略是錯誤的
※ 引述《askingts (地獄山貓)》之銘言：
: ※ [本文轉錄自 HatePolitics 看板 #1Y5peGat ]
: 作者: askingts (地獄山貓) 看板: HatePolitics
: 標題: [討論] 俄國聖帝普丁侵略烏克蘭有三策,他選中策
: 時間: Thu Feb 24 15:55:58 2022
: https://i.imgur.com/ylb2dZA.jpg
: https://i.imgur.com/XC7dHLC.jpg
: 2022年2月24日 今天會是一個在歷史上留下重大紀錄的日子
: 俄羅斯的聖帝-普丁在三個多小時前 已正式對烏克蘭宣戰
: 俄羅斯傘兵空降烏克蘭第二大城哈爾科夫Kharkiv
: 哈爾柯夫位於烏克蘭東北部 距離俄羅斯邊境只有40幾公里
: 搭配俄羅斯陸軍 揮軍進攻哈爾科夫整座城市的東部入口
: 另一方面 在烏克蘭西南
: 俄羅斯的黑海艦隊準備登陸烏克蘭西南部沿海大城-敖德薩Odessa
: 搭配位於摩爾多瓦共和國
: 德涅斯特河左岸(德左)的蘇聯舊時代存留下來的叛軍一起進攻敖德薩Odessa
:     該蘇聯叛軍(德左) 在蘇聯解體後
:     就一直由俄羅斯西部軍區司令部的指揮 沒有撤出過摩爾多瓦
: 網路上一些軍事評論者分析 聖帝普丁預計會選中策 就是佔領整個東半部烏克蘭
: https://i.imgur.com/H6UtfZP.jpg
: https://i.imgur.com/JpRuuIg.jpg
: 一般都分析 俄羅斯佔領烏克蘭有上、中、下策可選
: 上策：對烏克蘭進行最小規模侵略
:       只佔領烏克蘭東部二省 盧甘斯克Luhansk、頓內茨克Donetsk的全省範圍
:       在戰爭之前 烏克蘭政府軍仍佔有這兩省的75%土地
:                  烏東叛軍在2014年克里米亞事變後
:                  雖已對外宣布這兩省獨立 卻只佔有各自省份的25%土地
:       俄羅斯把這二省的省境內的烏克蘭政府軍趕跑後 達成全部省境佔領
:       然後讓盧甘斯克Luhansk、頓內茨克Donetsk
:       聖帝讓這二省進行公民投票來決定是否併入俄羅斯
:       (這次的公投就不是獨立公投 因為早在2014年這兩省的烏東叛軍早已宣布獨立)
:       聖帝普丁最終會循2014年克里米亞模式 將這二省併入俄羅斯聯邦
:       上策優點: 盧甘斯克Luhansk、頓內茨克Donetsk 這兩省省內的親俄民眾眾多
:                 傳統上就被西方視為俄羅斯傳統勢力範圍
:                 若因此被併入俄羅斯 估計西方諸國對此的反應不會太激烈
:       上策缺點: 滿足不了聖帝普丁 「恢復大俄羅斯的夢想」
:                 聖帝的野心絕對不僅於此 辛苦發動一場侵略烏克蘭戰爭
:                 耗費大量人力、物力 最終居然只能拿到二省土地
:                 性價比(CP值)太低 聖帝普丁不屑買單

--
※ 發信站: 批踢踢實業坊(ptt.cc), 來自: 118.167.187.68 (臺灣)
※ 文章網址: https://www.ptt.cc/bbs/politics/M.1678816280.A.3CE.html

Re: [討論] 真的有人覺得誰上就會改變什麼?,Sun Jan  7 13:08:54 2024,作者a520 (520)看板HatePolitics標題Re: [討論] 真的有人覺得誰上就會改變什麼?時間Sun Jan  7 13:08:54 2024
※ 引述《rappig (uninspired)》之銘言：
: 自已經歷過幾次大選，一開始也狂熱過

幾次？ 自己經歷過選蔡

結果呢被割韭菜

: 但後來發現誰上跟本都差不多呀

差太多了 沒意外你跟阿苗應該同屬性

一直在高分學校 或是 家境不錯

當然可以一直嘴砲一直爽

: 一樣領著餓不死也買不起房的薪水

餓不死！？ 就說你家境很好

台灣房租狂漲 又不能報租金補貼

薪水停滯追不上通膨

房價狂漲公宅數量民進黨要蓋不蓋

交通建設沒評估亂開支票！！ 例如基隆輕軌變捷運

: 兩岸關係一樣看中美臉色
: 韭菜一樣是韭菜
: 事實上什麼都沒改變
: 因為很多問題本來就不是哪個人選上就能解決的

選上不能解決！？ 又不是民進黨

賴清德到現在8年政績到底是什麼？？？

賴皮寮！？造謠餵藥？！辯論會公然詐騙！？

: 所以現在投票只是看一個奇檬子
: 哪個候選人我不喜歡就投他的對手
: 至於他上了有什麼政見或想幹嘛 我也沒有很在意

不在意就不會發文 你這根本公關側翼風向文吧？

: 別人怎麼想我不知道
: 但我是不會抱著誰選上就能改變什麼的想法了
: 期望越大 失望只是越大而已
: 越投入 只是讓自已越痛苦而已

期望真的不要太大

依法做事 依法行政 還給人民法律公信力

熱心幫黑道修法開後門 拿詐騙集團房子住

跟中國女子有不正常關係來往

玩弄於黑白兩道 這八年越來越多超豪洨

而且查無不法！！！！



: 想想那些候選人 不管是贏家或輸家 大部份都還是過的比你好的
: 選舉是一時的，日子還是要過
: 希望113後不管是哪方的支持者都不要太鬱卒了

應該要讓人民大大檢視各政黨所作所為

講自己蓋公宅 愛護勞工 結果八年執政都在騙！！

公宅拿著地方蓋的數量充當中央數量

消防工會 醫護津貼 勞工權益

這些都是民進黨當初說好的

結果就是騙！！！！！！


投誰都好 投到會騙人的真的就太誇張了

你說對吧？？？

-----
Sent from JPTT on my Samsung SM-S9160.

--
※ 發信站: 批踢踢實業坊(ptt.cc), 來自: 101.10.8.212 (臺灣)
※ 文章網址: https://www.ptt.cc/bbs/HatePolitics/M.1704604137.A.685.html
→ pinacolada: 依法行政還沒有租金補貼…這是IQ問題 114.38.130.158 01/07 13:10
推 wawaking1: 「不贊同選罷法排黑條款！柯文哲喊「  1.168.251.196 01/07 13:11
→ wawaking1: 當選後改」」幫黑道修法的人可以投嗎  1.168.251.196 01/07 13:11
→ wawaking1: ？  1.168.251.196 01/07 13:11
→ coyoteY: 哭屁不騙?2億鎂?買農地蓋診所?忘了?翻頁?  114.43.19.154 01/07 13:17

[資訊] 烏俄戰爭英文:烏俄衝突爆發 戰爭英語知識,Thu Mar  3 22:59:24 2022,作者colorful0901 (競合策略)看板politics標題[資訊] 烏俄戰爭英文:烏俄衝突爆發 戰爭英語知識時間Thu Mar  3 22:59:24 2022
【烏俄戰爭英文】烏俄衝突爆發，不可不知的戰爭英語小知識－時事英文
https://www.yesonlineeng.com/war/

近期俄羅斯與烏克蘭烽火連天，情勢驟然升溫，在現在牽一髮而動全身的國際社會，烏俄
衝突戰火的爆發使全世界的目光都聚焦在此處。

隨著烏俄戰爭的開始，YES編編特別整理幾個不可不知的烏俄戰爭英文相關小知識，讓你
輕鬆跟上時事英文，拓展視野，幫你快速看懂國外新聞英文！


戰爭英文 — 要用War和Battle？差在哪裡？

首先，該如何稱呼一場「戰爭」？

戰爭英文究竟該用 war 還是 battle？

War，意指「戰爭」，戰爭來自於國家、政治實體或族群間發生的大型武裝衝突，通常會
有政治、經濟的介入，並從開戰到結束，維持數個月甚至數年。

Battle，意指「戰役」，戰役代表的是在特定時間與區域內，由相互敵對的兩個武裝群體
發起的戰鬥事件。

簡單來說，一場戰爭的組成中可能會包含一連串的戰役，你也可以把戰役視為戰爭中的一
個事件。

戰役可能在同一場戰爭的不同地區、時段之中發生。


聽了解釋還是霧煞煞嗎？

沒關係，讓我們看一個戰爭英文例句，就可以更理解又學英文喔！

戰爭英文句子：

In World War II, there were many famous battles such as the Battle of
Normandy and the Battle of Midway.

在第二次世界大戰中，有許多著名戰役，如諾曼地戰役與中途島戰役。

—

戰爭英文—宣戰、入侵、投降英文怎麼說？

......繼續閱讀全文：https://www.yesonlineeng.com/war/

--
※ 編輯: colorful0901 (42.77.219.77 臺灣), 03/03/2022 22:59:45
推 Ayreon: how do you turn this on  106.104.10.79 10/04 14:15

Re: [討論] 黃國昌：十席沒有問題,Sun Jan  7 13:18:53 2024,作者awsq00000 (唧唧)看板HatePolitics標題Re: [討論] 黃國昌：十席沒有問題時間Sun Jan  7 13:18:53 2024
我..我對於質疑我不分區的人，我真的很佩服他們的想法，你看我選舉那個操作、那個走
動，在後面那個抖動、那個咆哮、那個連連看，說我不會選舉?我這場選舉就要給大家，
看我會不會選舉，老是說我怯戰，我選不分區，基本上，先贏5席、先贏五席，好啦，我
也不要講先贏5席，先贏5席大家可能誤會什麼意思，就是五席加上原本的五席！就是10席
，勝率的保證！

--
※ 發信站: 批踢踢實業坊(ptt.cc), 來自: 49.215.85.21 (臺灣)
※ 文章網址: https://www.ptt.cc/bbs/HatePolitics/M.1704604735.A.4D1.html
→ meredith001: 國昌一個抵35個 所以國昌喊10席太謙114.137.214.107 01/07 13:20
→ meredith001: 虛了114.137.214.107 01/07 13:20
推 DustToDust: 國蝨有票啊多一兩席很正常   61.224.74.45 01/07 13:20
→ hbj1941: 黃一個人就代表5個 106.64.152.179 01/07 13:20
推 hang520: 他的手穿過我的巴巴啦111.241.181.224 01/07 13:26
推 Sweet83921: 笑死XD123.195.196.141 01/07 13:27
推 moike22: 有聲文   39.10.16.139 01/07 13:55
→ alex2009: 他說10席的意思是 他一個人算5席 實際   111.83.50.84 01/07 14:03
→ alex2009: 上總共6席的意思啦   111.83.50.84 01/07 14:03
推 Faust0073152: 統神體  27.242.167.94 01/07 14:18

[討論] 太陽花十年了只剩黃國昌是正常的？,Sun Jan  7 13:22:55 2024,作者GGFACE (GGFACE)看板HatePolitics標題[討論] 太陽花十年了只剩黃國昌是正常的？時間Sun Jan  7 13:22:55 2024
如題 太陽花快十年了

當初參與太陽花比較有名的那些人

雞排

摸奶廷

賴品妤

林飛帆

苗博雅

閃尿

黃國昌

一整排看下來

有唸書的就林飛帆苗博雅跟黃國昌

其中前兩個唸書唸到後背去 只剩立場沒有是非

太陽花過了十年

只剩一個黃國昌還是正常人

真是不勝唏噓

--
※ 發信站: 批踢踢實業坊(ptt.cc), 來自: 114.39.180.156 (臺灣)
※ 文章網址: https://www.ptt.cc/bbs/HatePolitics/M.1704604978.A.6B4.html
→ jen1121: 人設失敗 180.217.26.144 01/07 13:23
→ sd09090: 不正常   1.200.27.137 01/07 13:23
推 KingFelix: 都變成側翼不然就是被吸收成小綠   42.76.18.144 01/07 13:24
→ q169: 黃國昌哪裡正常了？ 哪個會去背人偶氣球的  114.32.231.47 01/07 13:24
噓 aprendes: 路上大家都逆向 36.230.229.212 01/07 13:24
噓 gn02275410:  https://i.imgur.com/s4RZtWH.jpg   180.98.80.94 01/07 13:24
推 vivian90369: https://i.imgur.com/pqEZvi1.jpg   1.200.35.196 01/07 13:24
噓 Brightheat: 黃狗娼還蹭啥太陽花 別逗了 123.240.231.25 01/07 13:24
→ DustToDust: 正常 因為都回去大綠了   61.224.74.45 01/07 13:24
推 LBJ2ndKing: 大部分有官可以當的都變小綠淪陷了 e    101.10.6.19 01/07 13:24
→ LBJ2ndKing: x. 林9萬    101.10.6.19 01/07 13:24
→ MelShina: 路易黃國昌的三月十八日    27.52.30.51 01/07 13:24
→ gn02275410: 柯文哲跟黃國昌的粉絲都是以前挺服貿   180.98.80.94 01/07 13:24
推 wawaking1: 哭粉眼中的正常人  1.168.251.196 01/07 13:24
→ gn02275410: 的   180.98.80.94 01/07 13:24
→ lesnaree2: 太陽花本來就綠的 這樣說 黃國昌才不  101.12.88.217 01/07 13:25
→ lesnaree2: 正常  101.12.88.217 01/07 13:25
推 sd09090: 黃國昌十年前的人設是拚總統人物，有人   1.200.27.137 01/07 13:25
→ sd09090: 說他身上有阿扁創業時影子   1.200.27.137 01/07 13:25
推 zankuro: 只剩國昌一人正常走，其他人都逆向行駛  42.76.243.194 01/07 13:25
→ coyoteY: 連連看很正常  114.43.19.154 01/07 13:25
→ hisayoshi: 看來你正常的標準跟一般人不太一樣  101.12.112.93 01/07 13:25
推 squalljack: 難怪國昌都說沒有立場，果然長大了 111.185.90.124 01/07 13:25
→ karta018: 就看當年到底是反服貿還是反黑箱 220.133.43.232 01/07 13:25
噓 gogen: 哈哈  1.200.134.196 01/07 13:25
噓 pinacolada: 沒有立體停車場別說話 114.38.130.158 01/07 13:26
推 sd09090: 從一黨主席到現在去沒有中心思想阿備門下   1.200.27.137 01/07 13:26
→ sd09090: ，不分區立委沒了要去那？   1.200.27.137 01/07 13:26
噓 Chen73: 大家都逆向 只有國昌是正常    1.170.44.39 01/07 13:26
推 benqlove: 他不是才剛被丟太陽花，好正常阿  42.78.133.220 01/07 13:27
→ ms883050: 胯下之昌，就是柯粉的典範114.136.210.164 01/07 13:27
噓 perec: 侵佔國有地，崎林地種出停車場 159.117.72.232 01/07 13:28
推 yayohola: 人要賺錢啊 錢多香啊   42.72.247.29 01/07 13:28
噓 lookjason: 一路看下來 就只有一個背棄太陽花不要  1.175.223.121 01/07 13:28
→ lookjason: 臉的求官仔 跑去舔要開放服貿的垃圾包  1.175.223.121 01/07 13:28
→ lookjason: 牌仔  1.175.223.121 01/07 13:28
推 otsuki: 黃國昌整個爛掉了 114.40.134.202 01/07 13:29
推 benqlove:  https://i.imgur.com/j7TnFNz.jpg  臉  42.78.133.220 01/07 13:29
→ benqlove: 型跟邱毅一樣了，只剩假髮髮型不一樣  42.78.133.220 01/07 13:29
噓 flyclud: 太陽花沒有一個是正常人223.138.138.132 01/07 13:29
推 DustToDust: 胯下很有潛力啊 綠糞只會殺豬看不出   61.224.74.45 01/07 13:30
→ DustToDust: 來   61.224.74.45 01/07 13:30
噓 Boxun0404: 蛤？你要不要看看黃國昌在法界的評價   1.200.255.78 01/07 13:30
→ timeriver235: 雞昌正常？要去掛眼科嗎  101.12.89.251 01/07 13:30
→ timeriver235: 除了蹭太陽花 他有哪些功勞阿  101.12.89.251 01/07 13:31
推 arceus: 只有柯昌正常 其他都小綠在找機會歸隊 118.167.22.150 01/07 13:31
→ arceus: 還裝中間不直接入dpp 怕打政敵形象不佳 118.167.22.150 01/07 13:32
噓 flamax: 場公黃囯昌   42.79.166.86 01/07 13:32
→ Faust0073152: 也沒有可能他才是不正常那個  27.242.167.94 01/07 13:35
噓 CTHsieh: 蔥哥才是唯一不正常的，得了官癌末期，  106.1.224.179 01/07 13:39
→ CTHsieh: 變成有頭髮的邱毅。胯下求官連服貿都準  106.1.224.179 01/07 13:39
→ CTHsieh: 備吞了。最不正常的一個。  106.1.224.179 01/07 13:39
噓 chenstar1234: 幹你娘咧只剩下黃狗昌是什麼濠洨說  49.216.21.133 01/07 13:41
→ chenstar1234: 法  49.216.21.133 01/07 13:41
→ ataki: 賴品妤從那時到現在都在反中反服貿啊  61.231.65.148 01/07 13:42
→ ataki: 她那時沒有裝就直接說她反服貿  61.231.65.148 01/07 13:42
推 jetalpha: 頭髮跟停車場問題，正常？   1.175.75.126 01/07 13:42
→ ataki: 只有黃國昌跟當年反太陽花的變同陣營  61.231.65.148 01/07 13:43
噓 applehpsh: ？？？？ 220.135.31.202 01/07 13:45
→ ajemtw: 中肯  211.75.42.136 01/07 14:01
推 alex2009: 聽說 當年是魏揚那批年輕人帶頭衝立法   111.83.50.84 01/07 14:02
→ alex2009: 院的  那個什麼戰神來著的 根本就躲在   111.83.50.84 01/07 14:02
→ alex2009: 後方 事後才出來收割   111.83.50.84 01/07 14:02
噓 chiang0829: 就只有他背離初衷吧！  49.216.46.112 01/07 14:10
推 pulesiya: 我以為走到joke版114.136.212.230 01/07 14:17
推 OSDim: https://i.imgur.com/IjOMYSX.jpg  42.78.176.237 01/07 14:24
推 choosin: 這裡面只剩一個在乎兩岸協議監督條例 只 223.137.254.22 01/07 14:28
→ choosin: 剩一個在乎國會改革 223.137.254.22 01/07 14:28
→ choosin: 其他的覺得把賣台按鈕交給賴清德守護是 223.137.254.22 01/07 14:29
→ choosin: 安全的 223.137.254.22 01/07 14:29
噓 sg1987: 崩的最難看的就他吧   59.120.22.19 01/07 14:30
推 OSDim: 有一個佔用國有地跟農地停車場的你猜是誰  42.78.176.237 01/07 14:36
→ alex780312: 苗還很正常吧182.234.132.175 01/07 14:42
→ alex780312: 賴品于也不錯182.234.132.175 01/07 14:43
推 Trasher: 確實，剩他保有太陽花精神  111.82.17.249 01/07 15:48
噓 dufflin: 笑屎 十年長空仔叫做正常 您老眼中看見111.251.206.139 01/07 17:47
→ dufflin: 的景致是有多扭曲111.251.206.139 01/07 17:47
噓 RoMaybe: 黃國昌正常   101.12.23.96 01/07 18:02
噓 skyviviema: 說反了吧 36.231.220.212 01/07 18:46
→ gn02546574: 為什麼民進黨過半，還有這黑箱，兩黨   42.79.126.53 01/07 19:43
→ gn02546574: 講好的嗎   42.79.126.53 01/07 19:43

[討論] 滾雪球效應越來越大,Sun Jan  7 13:10:37 2024,作者ForeverZARD (暘神逆神暘)看板HatePolitics標題[討論] 滾雪球效應越來越大時間Sun Jan  7 13:10:37 2024
柯文哲是史上唯一 能夠在極短的時間一直大量增加支持者的人
而且是一天增加的比一天多

基本上選舉在封關後根本就是垃圾時間


1.柯文哲的現場都是年輕人 這是非常加分
一個有妹 一個一堆阿嬤 我看阿公都想去香噴噴的場了 更別說青壯年
賴清德的場滿滿哀戚
每造勢一場賴清德只會扣分
柯文哲只會上升

2.電視台紛紛轉播柯文哲造勢現場了
電視觀眾如1.一樣 紛紛轉向

雪球越滾越大
棄保效應越來越大
而且是藍綠兩個一起被棄

上看7開頭

--
※ 發信站: 批踢踢實業坊(ptt.cc), 來自: 42.73.191.251 (臺灣)
※ 文章網址: https://www.ptt.cc/bbs/HatePolitics/M.1704604239.A.C99.html
→ pinacolada: 上看7414 114.38.130.158 01/07 13:11
→ sp036378: 7%嗎 確實從4%來看 漲很多  49.216.189.74 01/07 13:11
推 murray: 穩了，阿北我覺得會破小英的817萬 118.166.158.21 01/07 13:11
推 jetalpha: 這大概就是特農地水泥鋪面停車場長出遊   1.175.75.126 01/07 13:13
→ jetalpha: 覽車的理由吧？   1.175.75.126 01/07 13:13
推 liuyc888: 中時旺旺一直都在柯身邊    1.34.121.78 01/07 13:13
→ jetalpha: 是啊，阿北的票應該會拿13億票吧？   1.175.75.126 01/07 13:13
推 l983: 沒錯，有14億人支持，輕鬆碾壓817萬  118.170.43.47 01/07 13:14
→ liuyc888: 韓國瑜當初的14億支持度    1.34.121.78 01/07 13:14
推 lgkone: 館長：專家預估柯 600萬票 穩到不行 123.205.139.23 01/07 13:16
→ boboking2: 不要吸太多 嘻嘻  36.237.127.96 01/07 13:16
噓 whitezealman: ZZZZZZZzzzz  XX越洗越無力  114.35.140.79 01/07 13:17
→ TaiwanUp: 年輕人的部分吧 這樣剛好覆蓋KMT的弱勢   119.14.31.47 01/07 13:18
推 WANGSH: 穩破817紀錄了  1.175.189.228 01/07 13:19
→ AhirunoSora: 七百萬喔？版上第一個笑話誕生  42.72.156.182 01/07 13:20
→ TaiwanUp: 韓國瑜這招真的厲害 立法院長好施展   119.14.31.47 01/07 13:21
推 lchliebe: 這麼少 應該是1000萬！   42.72.76.127 01/07 13:22
噓 lookjason: 自信點 講700萬票會不好意思嗎？  1.175.223.121 01/07 13:24
噓 ntasop: 乾逆涼GX小看CF，2300萬起跳好嗎？175.180.142.138 01/07 13:44
推 cloudstead: 還好有封關這規定  藍綠圾霉沒辦法操  101.12.49.201 01/07 13:48
→ cloudstead: 作帶風向  只能一天比一天焦慮  101.12.49.201 01/07 13:48
噓 stoke4096: 要吹到週六很累耶  59.115.196.80 01/07 13:58
推 agong: 白色雪球 結局 111.71.215.116 01/07 14:03
→ chiang0829: 哪來的妹？  49.216.46.112 01/07 14:10
→ t12345664: 樓上，很多妹，想看就去參加  180.217.37.46 01/07 17:05

Re: [討論] 藍白掃街兩樣情！,Sun Jan  7 13:13:27 2024,作者meredith001 (￣▽￣)看板HatePolitics標題Re: [討論] 藍白掃街兩樣情！時間Sun Jan  7 13:13:27 2024
※ 引述《leon771170 (許肥)》之銘言：
: 這是侯友宜車隊掃街 一群卡哇伊的小朋友 都站出
: 來挺友誼阿伯

小朋友的反應真的是最直接，誰好誰壞都不掩飾的

https://i.imgur.com/AfbRKIY.jpg
https://i.imgur.com/Fbh52fM.jpg
https://i.imgur.com/C7tXbkG.jpg
https://i.imgur.com/8iN0Ndz.jpg
https://i.imgur.com/fNwwDK9.jpg


你們看這些小朋友，每個看到猴猴都沒有露出不舒服的表情。
代表在他們的認知裡代表正義的警察猴叔叔就是好人。

反觀柯粉 ，只要靠近小朋友馬上就嚇到全部逃跑。

--
※ 發信站: 批踢踢實業坊(ptt.cc), 來自: 114.137.214.107 (臺灣)
※ 文章網址: https://www.ptt.cc/bbs/HatePolitics/M.1704604409.A.66C.html
→ kingman0716: .......好不舒服   1.174.67.190 01/07 13:14
推 joeylaix: 柯粉靠近女生應該也會嚇跑女生吧   42.79.42.168 01/07 13:15
→ april79: 一陣噁心,想吐 220.136.100.67 01/07 13:15
→ boboking2: 好 棄柯保侯  36.237.127.96 01/07 13:15
噓 zeuswell: 小朋友看到塔綠班都嚇哭    27.53.97.39 01/07 13:16
→ a5413eric: ….   101.10.1.217 01/07 13:16
推 leadershit: 侯侯很喜歡小孩正常吧    39.9.168.32 01/07 13:17
→ wawaking1: 哭粉的問題是先養成每天洗澡的習慣再  1.168.251.196 01/07 13:19
→ wawaking1: 來問人喜歡不喜歡他們  1.168.251.196 01/07 13:19

[閒聊] 馬英九你的歷史定位來了。,Thu Mar 30 10:19:27 2023,作者jc0214 (草民)看板politics標題[閒聊] 馬英九你的歷史定位來了。時間Thu Mar 30 10:19:27 2023
馬英九，你的歷史地位來了。
許維智，你和其他那群獨派教授們車包好了沒？記得說話算話去機場幫馬前總統接機嘿！
不去的是小狗。

https://fb.watch/jAGO7jviXZ/

--
黑幫教戰守則，別主動招惹下列人物：

1.眼神充滿殺氣的光頭；
2.在特力屋打工的黑人；
3.養狗的獨居男人；
4.女兒有凱蒂貓手環的話也要離他遠一點。

--
※ 發信站: 批踢踢實業坊(ptt.cc), 來自: 36.228.214.95 (臺灣)
※ 文章網址: https://www.ptt.cc/bbs/politics/M.1680142774.A.F2B.html

Fw: [新聞] 謝和弦參選議員不符資格 委任蘇煥智提假,Tue Oct 18 21:54:12 2022,作者tobetwob (WHO FCTC 菸草減害專家)看板politics標題Fw: [新聞] 謝和弦參選議員不符資格 委任蘇煥智提假時間Tue Oct 18 21:54:12 2022
※ [本文轉錄自 PublicIssue 看板 #1ZJg_Cne ]

作者: tobetwob (WHO FCTC 菸草減害專家) 看板: PublicIssue
標題: [新聞] 謝和弦參選議員不符資格 委任蘇煥智提假
時間: Tue Oct 18 21:53:13 2022


【媒體來源】
芋傳媒

【新聞標題】
謝和弦參選議員不符資格 委任蘇煥智提假處分

【新聞時間】

2022/10/18
【完整內文】

https://i.imgur.com/yv48ABk.jpg
參選台北市議員的藝人謝和弦（中）遭中選會認定資格不符；他18日上午由委任律師、
台灣維新台北市長參選人蘇煥智（左）陪同赴法院遞狀提出假處分後，再前往中選會陳情
，要求重新審查資格，圖為謝和弦、蘇煥智與金色力量台北市議員參選人王郁揚（右）在
中選會大樓前擺動作合影。圖片來源：中央社

https://cdn.taronews.tw/files/2022/10/20221018PHO0028l.jpg
參選台北市議員的藝人謝和弦（左）遭中選會認定資格不符；18日上午由委任律師、
台灣維新台北市長參選人蘇煥智（右）陪同赴法院遞狀提出假處分，受訪指中選會未遵守
法律程序，侵害人民參政權。圖片來源：中央社

參選北市議員的藝人謝和弦遭中選會認定資格不符。謝和弦委任律師、北市長參選人
蘇煥智今天赴法院遞狀提出假處分，指中選會未遵守法律程序，侵害人民參政權。

中央選舉委員會 14 日舉行委員會議，審查九合一選舉相關候選人資格，其中不符資格者
，包含欲參選台北市議員的藝人謝和弦。

謝和弦今天牽著懷孕的妻子，與蘇煥智前往台北高等行政法院遞狀提出假處分。

https://cdn.taronews.tw/files/2022/10/20221018PHO0029l.jpg
參選台北市議員的藝人謝和弦（前右2）遭中選會認定資格不符；他18日上午牽著懷孕的妻
子，前往台北高等行政法院遞狀提出假處分。圖片來源：中央社

謝和弦受訪表示，他心情很平靜，希望可以恢復參選資格，他還是相信台灣是個很棒的國
家，他希望他能快快樂樂地在這塊土地成長、長大，希望他的下一代、他的女兒也是，如
果這次參選不成功，不排除 2024 年參選立委；得知參選議員資格不符時，第一個想法是
「哇，原來這就是政治，原來會有這一天，我還太菜了，城府不夠深，哈們」，但沒有不
滿中選會。

蘇煥智指出，謝和弦是因吸食大麻被判刑 4 個月得易科罰金，經檢察官准予分期繳納罰金
，並約定在今年8月 19 日、9月 19 日、 10 月 18 日分三期繳納，在 10 月 14 日中選
會公告謝和弦喪失候選人資格，當天謝和弦就提前將本應在 10 月 18 日繳納的最後一筆
罰金繳納完畢，其實謝和弦應該是已經執行完畢。

蘇煥智表示，台北市選委會或中央選委會在審查謝和弦資格時，依據行政程序法規定，應
該通知當事人陳述意見，結果中央選委會及台北市選委會均未通知當事人陳述意見，顯然
違反正當法律程序，所以中選會的審查公告顯然違法。

（新聞資料來源 : 中央社）


【新聞連結】
https://taronews.tw/2022/10/18/868091/

【附隨心得】


哈們！
金色力量 士林北投 議員候選人 王郁揚，

#社子島性專區
#關渡平原醫療大麻
#電子菸合法化
#博弈專區
#安樂死合法化(尊嚴善終)
#機車平權
#外送權益
#淡北道路

--
https://i.imgur.com/621ia33.jpg https://i.imgur.com/PPmqCOI.jpg
https://i.imgur.com/0YO0JoW.jpg
WHO FCTC 菸草減害倡議專家 王郁揚Danny(Yu-Yang) Wang

台灣禁菸聯盟 ABC#TAIWAN、無煙台灣基金會FSFT、台灣菸草減害協會TTHRA。
台灣威卜 菸草減害網路媒體 VAPE Taiwan https://vapetaiwan-media.com/

--
※ 發信站: 批踢踢實業坊(ptt.cc), 來自: 180.217.5.37 (臺灣)
※ 文章網址: https://www.ptt.cc/bbs/PublicIssue/M.1666101196.A.C68.html

※ 發信站: 批踢踢實業坊(ptt.cc)
※ 轉錄者: tobetwob (180.217.5.37 臺灣), 10/18/2022 21:54:12

[新聞] 金光頭王郁揚是騙子? 謝和弦:他是好的光,Sat Aug 27 13:55:54 2022,作者tobetwob (WHO FCTC 菸草減害專家)看板politics標題[新聞] 金光頭王郁揚是騙子? 謝和弦:他是好的光時間Sat Aug 27 13:55:54 2022
金光頭王郁揚是騙子? 謝和弦:他是好的光頭 哈們

https://reurl.cc/5p40gy

台灣威卜 VAPE TAIWAN

https://i.imgur.com/Wrz08Os.jpg
謝和弦：王郁揚是好的光頭

日前無黨籍中正萬華是議員參選人謝和弦在臉書張貼有假粉絲借跟他合照，卻拿此照片「
騙人去泰國投資大麻」，謝和弦提醒：「請大家要小心這個光頭王騙子。」

這句話讓同樣是光頭的金色力量士林北投議員參選人意外受到波及，不少人紛紛tag
金光頭 王郁揚，隨後謝和弦在留言澄清：「此光頭非彼光頭，雖然都是光頭，但王郁揚是
好的光頭，請大家認明光頭，謝謝胬哈們。」該留言吸引上千名網友按讚與笑爛。

https://reurl.cc/D34W9N
謝和弦臉書貼文


金光頭王郁揚意外中槍 謝和弦澄清：他是好的光頭

金色力量黨士林北投議員參選人王郁揚因為頂著一顆大光頭，有人稱他「金光頭」或「光
頭王」，謝和弦痛罵「光頭王」臉書貼文一貼出後，就有不少支持王郁揚的網友tag「金光
頭 王郁揚」，表示「我以為謝和弦在罵你」。

謝和弦也在貼文下方留言表示：「很多人誤會此事是跟士北議員參選人金光頭 王郁揚有關
，特此澄清，此光頭非彼光頭，雖然都是光頭，但王郁揚是好的光頭，其他光頭才是壞的
光頭，請大家認明光頭，謝謝 哈們」

https://i.imgur.com/F0aXZWF.jpg
金光頭王郁揚與謝和弦(阿扣)同樣身為大麻議題支持者、倡議者，兩人有多次互動與合照
。圖：王郁揚提供。


https://youtu.be/8ZGoWuIovvI
【整人專家】啊哈 光頭王! 剛碰到跟你長的一模一樣的人(完整台詞) HD。
影：經典電影梗。


延伸閱讀：

謝和弦怒了！假粉合照騙人去泰國　光頭男照片曝光急道歉：捐100萬做公益
https://www.appledaily.com.tw/entertainment/20220824/3614A0592FB5D342A4DC853337

雙北小黨前十聲量排行出爐！變電箱女神、政壇楊丞琳、金光頭上榜
https://udn.com/news/story/122682/6416018

陳時中說謊騙子!金色力量士林北投王郁揚聲量衝進議員安全名單
https://reurl.cc/leg306

《整人專家》光頭王癌逝！　享年61歲好友證實
https://star.ettoday.net/news/1021590




哈們！

--
https://i.imgur.com/621ia33.jpg https://i.imgur.com/PPmqCOI.jpg
https://i.imgur.com/0YO0JoW.jpg
WHO FCTC 菸草減害倡議專家 王郁揚Danny(Yu-Yang) Wang

台灣禁菸聯盟 ABC#TAIWAN、無煙台灣基金會FSFT、台灣菸草減害協會TTHRA。
台灣威卜 菸草減害網路媒體 VAPE Taiwan https://vapetaiwan-media.com/

--
※ 發信站: 批踢踢實業坊(ptt.cc), 來自: 1.200.255.99 (臺灣)
※ 文章網址: https://www.ptt.cc/bbs/politics/M.1661579758.A.ED2.html

[討論]馬來西亞或将暫停學生赴臺留學,Fri Nov 11 23:39:47 2022,作者libralady888 (alice0703)看板politics標題[討論]馬來西亞或将暫停學生赴臺留學時間Fri Nov 11 23:39:47 2022
馬來西亞或将暫停學生赴臺留學臺湾治安全亞洲排名第二?
董總與教總聯合發佈公告，呼籲臺湾採取有效措施保護馬留學生之前,暫停派遣留學生赴
臺。徐國勇说，臺灣治安在全世界名列前茅，在全亞洲排名第二，僅次於新加坡，事實果
真如此嗎????
(下為聯合公告圖片)
https://i.imgur.com/WNMzXIO.jpg
https://twitter.com/JoseMcK06317693/status/1591043616587517954

--
※ 發信站: 批踢踢實業坊(ptt.cc), 來自: 114.34.84.201 (臺灣)
※ 文章網址: https://www.ptt.cc/bbs/politics/M.1668181190.A.AD6.html
→ Re12345: 《有效文章》1 篇  125.229.65.41 11/12 14:42

[新聞] 蕭美琴掃街拜票...車隊遭「比倒讚」抗議！,Sun Jan  7 13:09:24 2024,作者a5687920 (苦大師)看板HatePolitics標題[新聞] 蕭美琴掃街拜票...車隊遭「比倒讚」抗議！時間Sun Jan  7 13:09:24 2024
※「新聞」標題須為原新聞標題且從頭張貼 ※


1.新聞網址︰
※ 請附上有效原文連結或短網址 ※

https://news.tvbs.com.tw/local/2359346

2.新聞來源︰ TVBS



3.完整新聞標題
※ 內文請完整轉載標題 請勿修改與刪減 ※
※ 注意發文標題 為原始新聞標題從頭張貼 切勿修改與刪減 ※


蕭美琴掃街拜票...車隊遭「比倒讚」抗議！中壢警揭原因道歉

4.完整新聞內容︰
※ 請完整轉載原文 請勿修改內文與刪減 ※

民進黨副總統候選人蕭美琴昨（5）日上午11時許，前往桃園市中壢區陪同立委候選人彭
俊豪進行掃街拜票，卻在延平路與中山路口遭大批民眾「比倒讚」抗議，汽機車則長按喇
叭抗議。警方稍早回應，由於該路口車流較大、車隊較長，號控時間約5分鐘，造成用路
人不滿及不便，深感抱歉。

網路流傳一段影片，在中壢延平路與中山路口有許多行人站在斑馬線前，儘管路口號誌是
「綠燈」卻不能通行，惹得大批用路人怒吼「太久了，大家都在等你們」、「太誇張了」
等語，更有一名男子氣炸「比倒讚」抗議，一旁汽機車族也長按喇叭宣洩情緒。

對此，桃園市警察局中壢分局今天指出，昨天上午11時許執行候選人掃街拜票維安勤務，
因延平路與中山路口車流量較大，整體安維車隊較長，所以號控時間約5分鐘，因而造成
民眾不便，警方深表遺憾及抱歉，將持續精進各項安維勤務措施，致力維護候選人安全並
兼顧交通順暢。

5.附註、心得、想法︰
※ 40字心得、備註 ※

怎麼沒被警察 拉去旁邊訓斥?

掃街讓路人等5分鐘 真的說不過去

現在民進黨越來越自大 賴品妤 上班時間封路辦造勢

現在掃街也要交管 各地都有傳出了 民進黨已經搞得天怒人怨


※ 「Live」、「新聞」、「轉錄」、「舊聞」及 轉錄他方內容之文章 
    每日發文數總上限為3篇，自刪與板主刪除，同樣計入額度 ※

--
※ 發信站: 批踢踢實業坊(ptt.cc), 來自: 1.175.149.9 (臺灣)
※ 文章網址: https://www.ptt.cc/bbs/HatePolitics/M.1704604166.A.A4F.html
噓 zeuswell: 塔綠班妨礙交通看不到    27.53.97.39 01/07 13:09
推 skylion: 要檢討  101.9.241.144 01/07 13:10
推 Leeheaven: 笑死111.246.161.137 01/07 13:10
推 bread220: 講得好像柯文哲車掃沒有交管一樣116.241.171.236 01/07 13:10
推 CenaC: 我們的未來副總統車隊不能耽誤好嗎  101.10.62.163 01/07 13:10
→ skylion: 彭俊豪真的是很好的人 真心推薦 加油  101.9.241.144 01/07 13:10
噓 AtDe: 為什麽過個路口還要五分鐘   27.53.106.47 01/07 13:11
→ Leeheaven: 有啊 但是沒抗議111.246.161.137 01/07 13:11
推 takeda3234: 為什麼是警察出來道歉 選舉團隊出來   39.12.16.200 01/07 13:11
→ takeda3234: 道歉才對吧   39.12.16.200 01/07 13:11
→ DustToDust: 你敢洗臉美國大使嗎   61.224.74.45 01/07 13:11
→ bread220: 抗議沒差啊，就跟路人比倒讚一樣意思。116.241.171.236 01/07 13:12
→ bread220: 但是要說妨礙交通，三黨車掃都有交管吧116.241.171.236 01/07 13:12
→ Leeheaven: 對啊 但是都民進黨的被嫌？111.246.161.137 01/07 13:13
推 star12614: 的確不行 要改進   27.53.224.19 01/07 13:13
推 LORDSKERR: 上禮拜在台南等侯友宜車隊也超過五分  101.136.44.23 01/07 13:14
→ LORDSKERR: 啊，大家都一樣要交管  101.136.44.23 01/07 13:14
→ creamwine: 水啦  1.163.102.249 01/07 13:14
推 smallchang11: 民主車隊，請大家讓路謝謝  49.215.97.205 01/07 13:14
推 jemdogdog: 要改進+1  27.53.137.175 01/07 13:14
→ inewnew: 一個路口五分鐘確實是太久 223.139.12.193 01/07 13:14
推 yochiya: 雲豹小公主自己把票敗光  選舉史上最好笑  36.230.36.142 01/07 13:15
推 countryair: 這個就是調度問題 一個路口卡太久不   42.73.78.245 01/07 13:16
→ countryair: 正常   42.73.78.245 01/07 13:16
推 MilkTeaMan: 倒讚也能上新聞 龍起來  114.47.92.151 01/07 13:16
推 CTHsieh: 大台北一堆九十秒以上的紅綠燈，只要管  106.1.224.179 01/07 13:19
→ CTHsieh: 制一個綠燈差不多就五分鐘了。三黨掃街  106.1.224.179 01/07 13:19
推 ganninian: 這個就民心思變 人民討厭你當然抗議 若   1.165.180.45 01/07 13:19
→ ganninian: 受人民愛戴 交管塞車也熱烈歡迎   1.165.180.45 01/07 13:19
→ CTHsieh: 等個五分鐘很常見才對。  106.1.224.179 01/07 13:19
噓 VicOladipo: 桃園誰執政？  111.71.14.207 01/07 13:20
推 aprilsheep: 三組候選人車掃都有交管問題223.137.207.215 01/07 13:21
→ jemdogdog: 某G問題是今天咳掃街的時候，有人在路  27.53.137.175 01/07 13:21
→ jemdogdog: 邊比倒讚耶  27.53.137.175 01/07 13:21
→ jemdogdog: 這樣算不算是民心思變？  27.53.137.175 01/07 13:21
推 libraayu: 這堆一定是中共同路人 我們台灣人不喜歡 114.36.254.220 01/07 13:21
推 pollux945: 卡在路上 182.235.168.47 01/07 13:23
→ arceus: 誰在規劃競選行程的 怎一直幫敗票 118.167.22.150 01/07 13:23
→ slimak: 民主社會 很正常 27.247.131.178 01/07 13:25
噓 kevin05233: 你媽啦 誰出來沒被讚的 就你們最特別  49.216.50.105 01/07 13:25
→ z87739: 哈哈 tvbs   49.159.5.175 01/07 13:25
→ kevin05233: *倒讚  49.216.50.105 01/07 13:25
推 copybrown: 被倒讚還要道歉喔 真是可悲 柯被倒讚 223.139.74.244 01/07 13:26
→ copybrown: 也沒這樣 笑死 223.139.74.244 01/07 13:26
噓 skyinthesea: 比倒讚的是中共同路人吧  114.42.91.180 01/07 13:26
→ skyinthesea: 警察應該直接抓起來  114.42.91.180 01/07 13:26
推 karta018: 一定是中共請來比的啦 220.133.43.232 01/07 13:28
→ otsuki: 柯柯在台中辦造勢晚會也是封路，害我繞道 114.40.134.202 01/07 13:30
推 ChenYenChou: 這要社維法抓起來 柯粉都反社會    1.200.73.48 01/07 13:30
→ otsuki: TVBS怎麼不報勒 114.40.134.202 01/07 13:30
推 tsubasawolfy: 等五分鐘紅燈….  61.227.35.187 01/07 13:32
→ Faust0073152: 侯友宜的話就沒問題了還會拿國旗出  27.242.167.94 01/07 13:36
→ Faust0073152: 來  27.242.167.94 01/07 13:36
噓 obelisk: 中壢李姓選民！笑死！  116.59.58.165 01/07 13:43
→ trf835rea: 不是說只有柯被倒讚嗎 49.216.186.202 01/07 13:46
→ cloudstead: 跟汐止那個一樣出來敗票的  101.12.49.201 01/07 13:51
→ cloudstead: 警察局長要率領同仁出來鞠躬向我們偉  101.12.49.201 01/07 13:52
→ cloudstead: 大的黨道歉才對呀！  101.12.49.201 01/07 13:52
→ Slzreo1726: 哭屁到倒讚早就不是新聞了XD 111.71.215.148 01/07 13:53
推 ju06080719: 傲慢封路五分鐘 屌  42.79.200.129 01/07 14:14
→ albert1229: 其實大家都會遇到啦118.170.147.238 01/07 14:26
→ zenzai: 就說這個,連等個幾分鐘都不願意的台灣人,  118.160.80.46 01/07 14:49
→ zenzai: 竟然有「自願前往」造勢場的神話!?  118.160.80.46 01/07 14:49
→ lc85301: 台灣真的需要機車歸零汽車減半   36.231.66.59 01/07 14:56
推 xup654z: 問就是中共介選  42.79.134.119 01/07 15:19
推 chaunen: 顯性發作   118.171.2.65 01/07 16:42
→ a1119151: 這  民主國家正常吧！  59.127.112.99 01/07 16:52

